,D10,D11,D20,I10,I20I11_I10,I20_I10,fitting_error,seconds,tif_num,M3_c,M6_c,A51_c,A59_c,M3_i,M6_i,A59_i,A51_i,Sum,peaks,ISI
0,46.64227080559047,26.92892760522308,23.321135402795235,6881.80843506242,2.180561712595843,1.439208889066197,0.03346583111077517,0.06,12.0,14.497188398273906,7.322508582193931,4.915239166293799,5.944775884182666,412.87167024400003,613.429552746,952.8041243193028,547.7202081670232,0.0026399290654808287,1.0,2.0
1,46.6399922958069,26.92761210698619,23.31999614790345,9293.56266076773,1.7620814802768676,1.1173533298489065,0.02779266157347837,0.065,13.0,14.43019702434699,7.324478778543994,5.18192391897742,5.936477656375637,467.094046783,379.68038159099996,569.6197140146658,182.621055902238,0.0015579856699332595,0.0,2.0
2,46.88338557721667,27.068135283527063,23.441692788608336,9696.050221934449,2.0089525076957635,1.2954283269796532,0.02634707557065974,0.07,14.0,14.322199522973712,7.323213867121011,4.985511504052626,5.926420480787349,858.3805858730001,479.461079884,1128.9354913783652,817.7091564109016,0.002953529823571444,0.0,2.0
3,46.70585389304713,26.96563731788209,23.352926946523564,8542.448790373903,2.025759612054163,1.396444547284359,0.02809250059489932,0.075,15.0,14.671122954979735,7.329125499327678,5.105884491121599,5.951325403271461,469.885325606,458.25151757300006,736.3408810612152,88.3144715427562,0.0037653441540896893,0.0,2.0
4,46.78635111301851,27.012112409501583,23.393175556509256,8263.167973545806,2.1956872445521527,1.5089761638249737,0.03768762263482939,0.08,16.0,14.555147357170716,7.325197887077031,5.104198162243736,5.920676315153668,600.685994709,546.087640621,667.8552974509695,88.95470570209929,0.0020306899677962065,0.0,2.0
5,46.818568980949465,27.03071340422424,23.409284490474732,9220.416815630802,1.8381490726326868,1.2276244474109117,0.043313288230795055,0.085,17.0,14.617536429169865,7.32873163547754,5.164430161015889,5.973312793678534,347.038579911,436.786870776,1184.1589195032334,105.92806430503916,0.0027560389135032892,0.0,2.0
6,46.8268622267125,27.03550151189798,23.41343111335625,10512.352160829834,1.882962639321262,1.238864071633057,0.027378049943777905,0.09,18.0,14.510943169982644,7.343161529832081,5.124875197603036,5.927490600555579,531.821626958,405.52103390900004,1076.346641889871,435.217122325279,0.0036622683983296156,0.0,2.0
7,46.59619626459862,26.902326456578646,23.29809813229931,8669.962326081171,2.162667659823891,1.4531028219969844,0.029632403840076926,0.095,19.0,14.520928222782548,7.339911617041679,5.094467685339388,5.921396115827929,862.224940392,451.326763124,983.0176851053744,293.34612124817727,0.001741727232001722,0.0,2.0
8,46.61173404327127,26.911297197277914,23.305867021635635,9156.27227855465,2.155227795290998,1.4438714148985436,0.018336681556327398,0.1,20.0,14.50464950081943,7.326967728881244,5.1341069467439056,5.9704411261500265,826.764775772,483.621018016,603.6265952488372,124.53437169590642,0.001769304508343339,0.0,2.0
9,46.76945619914269,27.002358126427445,23.384728099571344,9691.900626999271,1.9622696819015417,1.3009755274245418,0.021219759440526342,0.105,21.0,14.616331685456498,7.3137201275892805,5.076784611939583,5.916140268998781,275.879157766,619.0323770480001,856.6171351713369,338.90434983420016,0.0025549728889018297,0.0,2.0
10,46.61699089593967,26.914332242581104,23.308495447969836,10955.7076944465,1.6710901157020857,1.1827085734658773,0.026468031247447343,0.11,22.0,14.436839287088798,7.3273849139603255,5.127388722824683,5.907426542777585,560.2767800969999,510.597112906,636.3393593453018,76.25077404419946,0.004544338677078486,0.0,2.0
11,46.79163115279916,27.01516084189027,23.39581557639958,9699.967929101167,1.7253299467066032,1.199315210907049,0.04031694238981842,0.115,23.0,14.47064616383084,7.34733489000204,5.14445272588868,5.975265557946536,594.682830527,545.435758926,751.244742548028,401.42948033582235,0.0029842844232916828,0.0,2.0
12,46.87205378210513,27.06159286856901,23.436026891052563,9148.354727277365,1.9466685901169352,1.2854988059423234,0.02696081356896696,0.12,24.0,14.410588843504975,7.327322111998442,5.073833662151504,5.91664546711525,770.5755967839999,466.46635968199996,578.3901073477564,136.6029273629484,0.003363450523465872,1.0,3.0
13,46.73220848105459,26.98085314636258,23.366104240527296,7646.101833316401,2.2447233814739116,1.542853077364284,0.02696767960300106,0.125,25.0,14.395172122185842,7.324207819411406,5.184483394611685,5.940247525271878,650.047082241,393.14573749699997,790.6846944065352,192.73622784361046,0.001739263767376542,0.0,3.0
14,46.81984815660304,27.031451936632173,23.40992407830152,11020.53956840771,1.6326262779100578,1.141590483675788,0.031736171952516316,0.13,26.0,14.080463949473192,7.32167386033582,5.015122228069379,5.939099078400069,1116.95633678,591.192370836,619.6251329214565,203.09950828698246,0.004744451027363539,0.0,3.0
15,46.85207033408749,27.050055419476692,23.426035167043747,9084.78894619532,1.8250980782211048,1.2776573405998302,0.04052878651213632,0.135,27.0,14.611279289182027,7.321374258147392,5.141713920211849,6.00249306264599,808.066668365,554.122904798,425.53408126479445,183.60128690557426,0.0032180154230445623,0.0,3.0
16,46.75933298945323,26.996513488588175,23.379666494726614,8730.159791191323,1.9741262726411868,1.2412930224666832,0.03134238904586795,0.14,28.0,14.590366387738735,7.324850276818759,5.152438631866821,5.9341137383983495,403.460500035,399.917918691,885.0891861043957,107.21053253658829,0.0028456051368266344,0.0,3.0
17,46.8119768564099,27.026907439346783,23.40598842820495,10370.5540161478,2.050666213448818,1.3528005983890974,0.02259737833781716,0.145,29.0,14.576041324057018,7.305144887234979,5.133806681319284,5.955229258821277,388.87408061599996,467.40626183,803.369399794874,155.44458498904132,0.0015662508085370064,0.0,3.0
18,46.599208712101785,26.904065693955523,23.299604356050892,10748.199692185312,1.740052937354875,1.1939076123484929,0.04040833369450558,0.15,30.0,14.754979821395182,7.318111882229684,5.1725707144178585,5.957533508201834,358.958895809,549.855083365,959.3313764218401,105.75243010447022,0.0022927126847207546,0.0,3.0
19,47.00008278797056,27.1355104495695,23.50004139398528,9568.81816389941,1.7535400971782775,1.2779996392171589,0.04540636528759545,0.155,31.0,14.554550194267701,7.336662965512499,5.075452117637067,5.979454999316726,516.4916083,528.581012374,674.3473008396933,184.014257628778,0.0016033650608733294,0.0,3.0
20,46.92622433288804,27.092868250645676,23.46311216644402,7857.145716716956,2.2167853058705314,1.5894697979824772,0.029362480945647636,0.16,32.0,14.507609454622788,7.328490308971629,5.039491651844335,5.939982054082221,409.720206164,489.907826026,840.7632819052693,53.78449040384278,0.0001917680929182097,0.0,3.0
21,46.67732002357145,26.949163280659285,23.338660011785723,11640.024732141283,1.7174674685967606,1.2114297615502003,0.027848092477219862,0.165,33.0,14.40112908089349,7.361308980873912,5.145566015334966,5.95158243837819,524.130971746,616.023704857,634.5006523725374,106.39857363284383,0.004596629180014134,0.0,3.0
22,46.923246222480245,27.091148837800063,23.461623111240122,10214.693665189105,1.90859371345235,1.3610219967565202,0.036724252945839135,0.17,34.0,14.5797640870144,7.316920264541658,5.0938639502593475,5.914516504982384,586.487368591,605.615772899,1146.4596775071807,143.42817722395196,0.0020658967550843954,0.0,3.0
23,46.990062265035405,27.129725097955472,23.495031132517703,7905.89501959143,2.083451116811716,1.5243588118490896,0.032816755806083675,0.17500000000000002,35.0,14.662878306477426,7.320290700076279,5.1758357118289045,5.951871230409825,459.956857057,429.07863738,623.7130357833952,264.8118870764684,0.0019884908106178045,0.0,3.0
24,,,,,,,0.05191969543020514,0.18,36.0,,,,,,,,,0.002468904247507453,0.0,3.0
25,46.80780865151003,27.02450092512581,23.403904325755015,11470.37310474024,1.8218925705315716,1.2170903255319019,0.032127179152760976,0.185,37.0,14.637582506353354,7.326559857941727,5.034996087056233,5.9661839916626835,509.97377970699995,505.61767386099996,786.0614061855803,219.8228439431517,0.002751271240413189,1.0,4.0
26,46.94068052867377,27.101214539174027,23.470340264336883,11614.78922185826,1.538145406771514,1.06866115414855,0.028886100282562444,0.19,38.0,14.567856632715674,7.350952019459514,4.8905552898626885,5.980897364596088,472.13321806,703.121631192,1127.880838022953,965.7340263970256,0.0025425755884498358,0.0,4.0
27,47.06615873652604,27.17365941625497,23.53307936826302,7856.694118607011,2.1299476463320715,1.5712758538841674,0.03352207231680082,0.195,39.0,14.391917886083837,7.324913343927525,5.178205709434735,5.931887143533681,311.383746927,429.696988596,767.1976531689032,202.8817578306334,0.0015883445739746096,0.0,4.0
28,46.9584976512014,27.111501259661537,23.4792488256007,10627.821782031515,1.7257102149091983,1.2281809792274891,0.02949156388866292,0.2,40.0,14.548339824640118,7.339489196759696,5.077157359746736,5.982667845903,821.006519179,531.1832399369999,916.1761340422313,171.43508666331115,0.003815253498032689,0.0,4.0
29,46.79529899292654,27.01727847037516,23.39764949646327,11156.330906892203,1.8475969021615481,1.2936914555427745,0.029599046237637094,0.20500000000000002,41.0,14.704539892907988,7.326936284367145,5.160690361489571,5.9156348687756495,669.554629861,552.690687581,788.2676117603643,193.88880800798583,0.0036563100293278685,0.0,4.0
30,46.99713488224617,27.133808475405978,23.498567441123086,10984.64600135164,1.898316436772939,1.330414243860664,0.03196536529981508,0.21,42.0,14.503232196426813,7.330720041718443,5.071070503190723,5.962627665882265,723.13758557,543.0320762480001,631.0266848387461,253.60685091049916,0.003013292560353875,0.0,4.0
31,47.12094411554249,27.205289769577774,23.560472057771246,10799.403232197477,1.7363576148280615,1.2659852392862463,0.024270796764685576,0.215,43.0,14.702256919135122,7.3393848567259266,5.225843059248737,5.961831354693344,403.079367165,536.210288386,1732.0496314662928,529.6385870295265,0.002747297054156661,0.0,4.0
32,46.83013153608566,27.037389048544643,23.41506576804283,11949.006983101324,1.659825011488288,1.2213139045482184,0.03247376395731905,0.22,44.0,14.53459306602915,7.326441381319007,5.205427151260119,5.970511177790319,380.69706748199997,506.513729707,887.314098415008,228.6079636979654,0.005345185752958059,0.0,4.0
33,47.001940615102086,27.136583066564,23.500970307551043,11652.604435811476,1.7620183103666924,1.1626017839522553,0.030055702746519582,0.225,45.0,14.57532085980972,7.3254630339643,5.158974906220628,5.938110077751521,625.8560135380001,507.485038876,677.8752530613559,306.81495551086863,0.00399398896843195,1.0,5.0
34,47.04326773539268,27.160443290588606,23.52163386769634,9690.632771800865,1.850703551185091,1.3058290090191822,0.029626575841290363,0.23,46.0,14.513106419318031,7.321471658289194,5.159873834972018,5.931576997093708,504.047903047,429.619677108,747.6868826804855,203.80532589581088,0.004195929504930973,0.0,5.0
35,46.85200129258726,27.05001555834796,23.42600064629363,10662.549671019216,1.5949011002034823,1.1034595987476452,0.029895801856597907,0.23500000000000001,47.0,14.432422019770685,7.323024439958321,4.992970097715613,5.940616137549227,660.396945857,660.9489716209999,872.6054958813991,286.11369925321867,0.001482248306274414,0.0,5.0
36,46.78889446780734,27.01358081607356,23.39444723390367,10999.389051582386,1.9397202749262865,1.3364160571683084,0.025124467921197824,0.24,48.0,14.544942324671073,7.321964519919183,5.127378396079395,5.971415402552293,1058.10527784,702.275523295,617.4734439445044,207.63824193816424,0.002684752224013209,0.0,5.0
37,46.96584895951048,27.115745539492682,23.48292447975524,11246.038386065746,1.7212911694319208,1.2196594333975324,0.031101908455694268,0.245,49.0,14.70416667345992,7.339032616173007,5.097898329949463,5.9693062442533025,611.98004895,497.238132404,797.9131979753258,148.68266630570827,0.003937719389796257,0.0,5.0
38,46.823602361029344,27.033619427568286,23.411801180514672,11166.034474669805,1.6547114592640473,1.1468185018982706,0.030902899075291868,0.25,50.0,14.708077930531628,7.33407516746525,5.065389033539606,5.994959881454044,334.540587115,533.4367970559999,870.1904628119015,210.35099132159348,0.001325527671724558,0.0,5.0
39,47.000978125013944,27.136027372652514,23.500489062506972,12877.258845523384,1.6057821713522171,1.138624434778995,0.03310489094227054,0.255,51.0,14.632931201156957,7.322882811565722,5.159740633133341,5.945910973020305,515.943648899,536.839954145,704.6082365098157,356.88744812243925,0.003205775748938322,0.0,5.0
40,46.88092831642972,27.06671658335025,23.44046415821486,12211.646628136332,1.9164318488868144,1.352729452098288,0.035813432193162235,0.26,52.0,14.5924425633855,7.323162376149538,5.112695330637896,5.948471584732566,482.215375529,500.459461679,1029.308423501022,158.62927749567342,0.005430777557194233,0.0,5.0
41,46.96239709962326,27.11375260725759,23.48119854981163,12571.35203599314,1.576275435576928,1.1307593982148552,0.028448800267427462,0.265,53.0,14.711189645925637,7.326735088451833,5.012256602372165,5.9599202481446945,397.81295383099996,420.55754594300004,866.0339226608052,653.7148257205823,0.003707488067448139,0.0,5.0
42,47.03396818327166,27.15507419166819,23.51698409163583,9718.810612279904,2.3046866969016677,1.628329732061926,0.020760674232025208,0.27,54.0,14.431583665836927,7.3216018852507565,5.12929169260628,5.95201424103335,385.30778966099996,415.263376924,735.526108130888,173.8962076478086,0.0029006008990108967,0.0,5.0
43,46.96682670949539,27.116310043709674,23.483413354747697,12940.283415438766,1.5726177845414402,1.0995444157068277,0.02870054251620735,0.275,55.0,14.617608059548274,7.3081549511157196,5.228184806347915,5.938297459460082,555.070416005,546.2041926869999,860.7921076001933,193.1350602311207,0.0021626162342727184,0.0,5.0
44,47.02882247411671,27.1521033151024,23.514411237058354,13227.601321759965,1.769827512276468,1.2522586400526925,0.03052771421267797,0.28,56.0,14.471503399337015,7.327367783429382,5.177837119632888,5.931900778845121,423.982091543,510.81369198699997,620.6179049969973,173.55800460535016,0.005351623054593802,0.0,5.0
45,46.93971745006843,27.10065850548198,23.469858725034214,11056.404292211513,1.6979912167923756,1.2475321827354864,0.035839025036922045,0.28500000000000003,57.0,14.620339015558677,7.332894458425581,5.020342510684941,5.905285870330125,241.37978046799998,529.603448977,896.5427568743763,124.60807171210392,0.002691904548555613,0.0,5.0
46,46.964166687453954,27.114774279267998,23.482083343726977,11536.151965346784,1.7711205377276888,1.2596186895038408,0.030747681714707212,0.29,58.0,14.542742710233936,7.328986732551487,5.09379602211142,5.937025030941909,568.053484389,684.1350121959999,837.503594309588,268.94763703067366,0.0034658110234886412,0.0,5.0
47,46.88398090866236,27.068478998297486,23.44199045433118,15186.241733942436,1.567884110443988,1.1116330326710868,0.02476388347425029,0.295,59.0,14.53143348547147,7.330376622287389,5.026242747973051,5.950327166205737,370.350763089,581.834233838,862.4806056552702,273.4419601268066,0.0029167330358177428,1.0,6.0
48,46.928763063523185,27.094333987461283,23.464381531761592,15906.213667095162,1.5239055246596949,1.0441024229623255,0.03010347181847395,0.3,60.0,14.267465332207248,7.32667569965715,5.076893812463131,5.959877108514916,327.385553545,499.285889503,1701.413461406752,295.5661489288245,0.004540523048490286,0.0,6.0
49,46.880933493011476,27.06671957205112,23.440466746505738,15576.067588974587,1.6254263303510916,1.1569505815608951,0.033726712600209215,0.305,61.0,14.527862710833247,7.312109555162621,5.140073727752339,5.967584922444963,568.60376478,502.802106254,851.1850781745878,81.39187493246044,0.0037747228052467108,0.0,6.0
50,47.000119821209246,27.135531830719824,23.500059910604623,13042.210166687542,1.667698285412282,1.204445073032362,0.02631616795467206,0.31,62.0,14.786180395650005,7.325436334675444,5.067238523799039,5.994335128778794,489.22442198199997,481.035782434,1017.5502595139703,138.11673369266566,0.004019101150333881,0.0,6.0
51,47.02684514392152,27.150961702981938,23.51342257196076,13251.183526811888,1.643120129846749,1.19215133359706,0.03163933228033433,0.315,63.0,14.573687838777985,7.311631816463617,5.059424064489793,5.963349628254696,554.033956067,661.991728356,998.1449773385507,521.0736560025493,0.004606723785400391,0.0,6.0
52,46.88248190583346,27.067613548610712,23.44124095291673,14254.210998016431,1.6452515506680803,1.1347965986322057,0.02655205219623691,0.32,64.0,14.105545964150068,7.311436359785671,5.088791492806035,5.962644639532649,951.655099439,434.74585674599996,932.7236088282203,320.4837607086955,0.0047723446041345605,0.0,6.0
53,47.039287011977194,27.158145018853105,23.519643505988597,11182.491466054405,1.625680179397424,1.2035327776518314,0.03201484374973729,0.325,65.0,14.646697403612404,7.312867559107471,5.03477678985292,5.94825014559678,274.679180218,543.552788717,645.1757542166953,342.65709534308013,0.004149914253503084,0.0,6.0
54,46.89792885346973,27.07653184798667,23.448964426734864,10801.57257468278,1.7754066596564415,1.2835817369537112,0.035778839467760615,0.33,66.0,14.342611417810343,7.334165305857329,5.036655897135699,5.918772846302358,343.36793659299997,507.754911431,1330.627057491538,152.93544425543922,0.0031709682662039995,0.0,6.0
55,47.00313145383576,27.13727059762745,23.50156572691788,12702.248949523444,1.699819891042992,1.1770190403985183,0.02322860295379181,0.335,67.0,14.460848098062913,7.322681743827444,5.1219082890893155,5.93539100031012,715.511274167,592.900551358,846.2824049474527,159.64282501463313,0.0037356221582740545,0.0,6.0
56,46.93599726724272,27.098510656926127,23.46799863362136,11952.384954167312,1.724320744036053,1.1820391141140547,0.0429645864312489,0.34,68.0,14.563536201797252,7.312138902931952,5.013524526879739,5.960926284256357,478.38347959199996,612.32261487,1063.0538906678748,291.37148952339294,0.002213557017967105,0.0,6.0
57,46.939314024674545,27.100425587722224,23.469657012337272,11335.077531142368,1.7194006485549655,1.2054084579577529,0.0345062614783862,0.34500000000000003,69.0,14.561492269504233,7.346048489709699,5.002871023392794,5.94064227237692,303.16752959400003,605.3912906930001,831.9047746367643,436.8952608395446,0.0024038944393396373,0.0,6.0
58,46.93218066155427,27.09630713860451,23.466090330777135,13756.699458397803,1.6123809196570567,1.1277545052704259,0.029048661457241495,0.35000000000000003,70.0,14.51235884646731,7.3324446981252995,5.11295523916158,5.93982982574723,894.0527395839999,744.5335986460001,859.0395320011977,139.0660684740489,0.003921747673302889,0.0,6.0
59,46.96521157476824,27.11537754524018,23.48260578738412,13673.748378118966,1.5209309180809245,1.0965385179999583,0.030702244509244636,0.355,71.0,14.594902565162755,7.3257815672261035,5.032474243204409,5.941088631263851,655.8281823169999,559.165734391,906.3523923290196,201.5919381214296,0.0045631718821823606,1.0,7.0
60,46.708082013932454,26.966923724075023,23.354041006966227,11516.446528734705,1.9414755895399338,1.351210743090585,0.030204547163933393,0.36,72.0,14.617506358351255,7.321950287922966,5.058993296973435,5.953290940860919,424.69471172699997,484.94970618699995,646.8454812360326,254.81358647218585,0.0032729310914874077,0.0,7.0
61,47.0038149032211,27.13766518731405,23.50190745161055,10269.791377317884,1.953823201850999,1.3733194385136627,0.028713896664048555,0.365,73.0,14.539008214863227,7.326696973677103,5.046124217348935,5.939127694696728,484.42100362800005,545.284014673,963.3040054966395,433.45145954581136,0.003869056235998869,0.0,7.0
62,47.04805951411433,27.16320982532344,23.524029757057164,11103.226694629353,1.9837243715018007,1.42847010492476,0.02644401917121675,0.37,74.0,14.025802587477559,7.344385220031836,5.150240407302458,5.957009023596666,792.185658572,608.242012164,742.0765350942877,259.7202254207967,0.004318475257605314,0.0,7.0
63,46.86816431695032,27.05934728481488,23.43408215847516,11652.185598238702,1.6276279336814141,1.119018099032752,0.0301872639957268,0.375,75.0,13.818956700412645,7.326416621831507,5.148851606714867,5.938155762322916,487.136191304,454.09150900699996,798.1436999688547,259.4428598552916,0.00417462969198823,0.0,7.0
64,46.98920515507395,27.129230245288493,23.494602577536973,8374.516797836186,2.191451144048106,1.6035557378535026,0.04813953496462065,0.38,76.0,14.67347914059722,7.3194007861794566,5.172147970701466,5.9972653023417815,401.893381079,417.534223215,753.7206701063839,149.2593862207794,0.002542972331866622,0.0,7.0
65,47.13212825597279,27.211746936065857,23.566064127986394,9699.292368610175,1.8649320303231256,1.3528587289265643,0.03412304027999813,0.385,77.0,14.379605365181488,7.317840826774101,5.064033963309211,5.9534973432817155,780.3946619789999,449.289185884,963.3008395475177,56.29090093819629,0.002783377654850483,1.0,8.0
66,46.9390101779654,27.100250161742913,23.4695050889827,11248.235252589093,1.7274559392036375,1.200556040786964,0.034575721691034844,0.39,78.0,14.932961406855103,7.320569978636549,5.131122036815867,5.941658010808061,939.87189858,676.9117121730001,566.9649894108128,211.75722270488453,0.0031100916676223282,0.0,8.0
67,46.89094877072971,27.07250189533775,23.445474385364854,11343.710034573876,1.9079919859197338,1.3257373965086485,0.033539892916652825,0.395,79.0,14.69072092184517,7.325065968671829,5.166089789807642,5.97955904093407,318.213170322,618.276080663,1037.147946818226,206.21806865837712,0.002742846729233861,0.0,8.0
68,47.02336025318265,27.148949700375752,23.511680126591326,11646.082223529818,1.7195867030958547,1.173361944677787,0.03106673919230585,0.4,80.0,14.484532630989179,7.293555219597551,5.172552702133553,6.01161225253098,664.76710348,418.332692226,681.2657332375387,196.66928372127325,0.0021626150701195,0.0,8.0
69,47.039274990791846,27.15813807841851,23.519637495395923,11222.064592173665,1.5483681078028815,1.1151171039543581,0.03322226270964701,0.405,81.0,14.409772366286939,7.299553059166594,5.104826730573193,5.987641321624977,489.982306933,637.959556647,781.4030869248493,397.7369194810452,0.0035292310640215874,0.0,8.0
70,47.101516108601515,27.194073004540577,23.550758054300758,9956.495165278597,1.9438750457795086,1.4068451886525293,0.02693063027244058,0.41000000000000003,82.0,14.452691274705453,7.333337981258037,5.127088199557492,5.990161059538294,222.175916424,506.068556367,964.967847845484,146.44891771860875,0.0020377638284116983,0.0,8.0
71,47.028372088899815,27.151843285076197,23.514186044449907,10652.321562863344,1.8605847133388056,1.2870129154296432,0.04137322484889983,0.41500000000000004,83.0,14.698602840813438,7.324207476927004,5.141639032934763,5.9274988302337945,455.22047336300005,507.280939517,853.9948278582449,203.75740568977605,0.004436334129422903,0.0,8.0
72,46.95663201933645,27.110424136602102,23.478316009668227,11070.941003383214,1.5356934148175987,1.1053556577918724,0.03345672538318212,0.42,84.0,14.53472704555432,7.321876695805498,5.138015245426378,5.95274960642846,794.395565605,472.531312146,480.5680100904237,275.8045656472281,0.003947258461266756,0.0,8.0
73,46.94318116591116,27.10265828275618,23.47159058295558,9483.869225520568,1.942040335197167,1.3534798151479561,0.03283988756776435,0.425,85.0,14.654673266381003,7.328222014683222,5.093184687277371,5.978510722877865,617.440480753,588.212542566,816.4372591961862,118.59574101314199,0.004566351417452097,0.0,8.0
74,46.742151427962426,26.986593709436356,23.371075713981213,9308.185084904557,1.9572249925296274,1.3709757031153744,0.02985423701023226,0.43,86.0,14.44825800414836,7.325739159127765,5.117524827336359,5.951656324066903,476.45753351699994,474.641753788,1104.9093071081102,271.84444155940616,0.002055724384263158,1.0,9.0
75,46.89614030005004,27.075499226188352,23.44807015002502,10868.469570373698,1.8579012756493647,1.2665946817820883,0.03247249362592286,0.435,87.0,14.532323879407164,7.3281696080661245,4.968164754441554,5.9737631774186415,569.597939842,518.914240463,875.7159176847521,831.8150189091368,0.003969112876802683,0.0,9.0
76,46.960765529367244,27.11281061973108,23.480382764683622,8439.53097482639,2.0201135956197502,1.4548531942731604,0.02698473777335808,0.44,88.0,14.603345030052104,7.3050168940358855,5.096996074716965,5.985774734028757,285.27227584900004,510.181236277,841.8022201552465,127.42018083961192,-0.00023031237651593983,0.0,9.0
77,46.905208936063744,27.080735005632047,23.452604468031872,8714.70615067786,2.1475837731285066,1.4784884828524785,0.036087385497263084,0.445,89.0,14.36220421675337,7.32778986250545,5.125464938674554,5.945983344167886,460.041341291,502.74777257,677.0576100449608,77.83942681184581,0.003980955109000206,0.0,9.0
78,46.831303057484284,27.038065426739497,23.415651528742142,10531.032505685263,1.898276290353037,1.2719707638645816,0.036606720725100635,0.45,90.0,14.506666205544564,7.334017113565367,4.88764072015363,5.989876572663297,1004.4827069,546.460861646,729.6999646053603,737.9310803459861,0.005517641082406044,0.0,9.0
79,46.841627840060184,27.044026442739018,23.420813920030092,8929.271406192387,1.9192354542355101,1.366387333978898,0.037850951619566864,0.455,91.0,14.50072388588528,7.3455295605271615,5.087332832521194,5.952751870939958,334.884653539,477.172036819,800.5215422286403,63.95755800352061,0.0029819009359925985,0.0,9.0
80,46.58020271974252,26.89309257915069,23.29010135987126,11633.873930278849,1.663604648792786,1.0403869951657554,0.031159915874859112,0.46,92.0,15.068160288886475,7.313719404544768,5.156755808536473,5.985852963004964,337.309742911,579.815234287,1047.8866820379774,193.20365776266362,0.0032735662534832954,0.0,9.0
81,46.943034487385695,27.102573597870023,23.471517243692848,10372.376115710265,1.952878815153421,1.3867728691125552,0.02742885904131109,0.465,93.0,14.578523193192309,7.34289452248228,5.031289399392173,5.942266530724377,524.881989406,402.320242721,808.7491104691603,430.7111134338961,0.0024894077796489,0.0,9.0
82,46.81749070058988,27.030090858768364,23.40874535029494,10486.809479457632,2.061792923976692,1.41267910225925,0.025108151301767467,0.47000000000000003,94.0,14.640805137568288,7.326175931655993,5.142465275539175,5.936373503215467,514.933371725,450.593030701,416.3468118991754,98.46337145982041,0.005566040053963661,0.0,9.0
83,46.77781824456782,27.00718595560462,23.38890912228391,8633.86902656624,1.808625337804356,1.2405001841917642,0.02921880487470685,0.47500000000000003,95.0,14.503470271483108,7.315056739741938,5.060295526101277,6.062757509889587,448.75014484400003,459.474649825,1031.3181171282308,200.59449246762412,0.002598365535959601,1.0,10.0
84,46.81869208462098,27.030784478162126,23.40934604231049,9341.389440901237,1.9160918016788955,1.2425980644292371,0.022055129123563774,0.48,96.0,13.831089563885127,7.33061986293208,5.191055814472665,5.967332823756553,293.44932325400003,544.023177698,614.0172131602043,76.20383111234023,0.0035506882704794407,0.0,10.0
85,46.596176484620884,26.902315036603177,23.298088242310442,11535.972737289427,1.896289351428647,1.2662694109047397,0.02245153933869604,0.485,97.0,14.530475068403685,7.313157055521836,5.095164100075095,5.956892061661857,553.7811822159999,626.851679221,1041.1978448452044,488.3044065015931,0.003934384323656559,0.0,10.0
86,46.742811913101036,26.986975040708938,23.371405956550518,8592.318556798251,2.0058342186940097,1.4173408225079966,0.02049077517659537,0.49,98.0,14.02934525279652,7.324523242358803,5.012748810324792,5.937984315964076,629.284502652,413.702251081,801.7006642708774,129.20645932707458,0.002662260783836245,0.0,10.0
87,46.8669185468178,27.058628039093524,23.4334592734089,8169.250052538301,2.3330323915817783,1.4733594207976273,0.02410380635868448,0.495,99.0,14.605344840893423,7.33465953081807,5.081559928185395,5.991771803596831,300.10860577299997,490.32112038300005,824.4947466209549,146.01935832943218,0.0021306667476892467,0.0,10.0
88,46.76859015307899,27.001858114499438,23.384295076539495,9393.35065172028,2.062411271972195,1.4022153368142043,0.0208649873187301,0.5,100.0,14.486882861023215,7.350560265569229,5.071086148231111,5.894242884300001,561.29661624,529.893509945,595.0896494127683,230.40575313788008,0.0026719572488218546,0.0,10.0
89,46.681897023727664,26.951805812931557,23.340948511863832,9796.622375846091,1.959555010147081,1.3353901612508143,0.02566642288794818,0.505,101.0,14.549914041677887,7.317091578511763,5.125104414387589,5.968501223970336,756.902553947,523.97427882,826.5609579452264,262.7391072530644,0.004534960258752108,0.0,10.0
90,46.80857608505997,27.024944003092447,23.404288042529984,9896.351054614486,1.9837325989458325,1.3418589348151362,0.02128081310373631,0.51,102.0,14.437505467186936,7.330633082717109,5.199481264547847,5.955210231992467,529.318393971,451.99582875199997,722.8574318724382,150.14595929707667,0.0012193522416055202,1.0,11.0
91,46.84794318774711,27.04767261042609,23.423971593873556,8717.351490264089,1.9439153025603033,1.348389836373925,0.02829234529116232,0.515,103.0,14.526023894436653,7.325497119975747,5.12548268552553,5.937190025652857,396.409220543,502.44405912199994,924.0789348845897,285.93124580878043,0.003098567947745323,0.0,11.0
92,46.78708785374448,27.012537766958047,23.39354392687224,10655.81304692453,1.864778733605502,1.2300582592205231,0.020767585672858968,0.52,104.0,14.392110687954428,7.3206267530163185,5.044086355835181,5.945662317713159,591.362727474,469.201188998,816.4740626699656,136.46315407491863,0.003507137065753341,0.0,11.0
93,46.71880692009684,26.973115751536067,23.35940346004842,9948.194532203546,2.0081677755616973,1.3476256490677607,0.017674946725535382,0.525,105.0,14.76722293761104,7.324690382636266,5.139039946956109,5.9500719300953095,739.2553684110001,407.16915062,799.1914582568056,172.88877586335374,0.0021379792597144838,0.0,11.0
94,46.8188014636611,27.030847628180386,23.40940073183055,9080.535200965245,1.7556717340121428,1.2071413807650024,0.026153210246835926,0.53,106.0,15.13791839781701,7.328692074785592,4.959709651925733,5.944997103662683,236.393626846,547.580563399,898.199995111856,520.0327108519148,0.002728383056819439,0.0,11.0
95,46.667067016314,26.943243704159194,23.333533508157,8513.311368021405,1.9867372813947684,1.3039611371771413,0.02721425496137575,0.535,107.0,14.346253397914653,7.338943174722224,5.094836092786069,5.95107332008652,650.407310693,455.77307732800006,814.465021624261,306.6529143510814,0.0017402969533577561,0.0,11.0
96,46.696008385009534,26.95995301116628,23.348004192504767,10214.46664760109,1.8545152169954384,1.3161228805590892,0.02850328301155158,0.54,108.0,14.587002075587904,7.324004788044744,5.052821619281097,5.971884669211269,243.736522927,389.70218353,525.5556494310936,99.38436345439474,0.002449194900691509,0.0,11.0
97,46.68139027032979,26.951513238720878,23.340695135164896,9502.265944982868,2.0036983271540953,1.2685318236448866,0.018771623667775742,0.545,109.0,15.098074034282009,7.329248531499182,5.0823844798136175,5.95213018028538,350.833239681,443.868427798,1161.2453725515759,329.904998194122,0.0019313491648063066,1.0,12.0
98,46.59247456219301,26.900177730692928,23.296237281096506,8543.314502833255,1.8801104884276278,1.2057002979191649,0.02622966291320461,0.55,110.0,14.499382491966147,7.352642015424394,5.093839972558349,5.978886645110981,371.781858296,672.4854881709999,955.7754074214515,91.90046352273556,0.0010341802844777703,0.0,12.0
99,46.64613541115576,26.931158836286517,23.32306770557788,10729.44950850356,1.9211069346647043,1.249872765208029,0.02880954534508728,0.555,111.0,14.636770397799067,7.323142843786213,4.970359807875124,5.945671215408844,507.60265767,739.905968479,543.5202165358613,287.6301951491543,0.0025893053971230984,0.0,12.0
100,46.565694424126164,26.884716210771103,23.282847212063082,8578.352816794135,2.2423783594753512,1.4363567287357646,0.0322476720638355,0.56,112.0,14.613932009181546,7.329742598214886,4.977654182102268,5.905478839113638,413.303660677,452.937460374,649.1383307737502,459.3378567938447,0.0034790839999914174,0.0,12.0
101,46.60467307416469,26.907220544863492,23.302336537082343,8760.406876300953,2.2083977123783964,1.4315266270251137,0.03363853951709528,0.5650000000000001,113.0,14.588522095401109,7.327738167570358,5.144979103113092,5.929414876840503,489.551569304,764.536188489,444.1790945734995,206.52728823316056,0.002538045169785619,0.0,12.0
102,46.59033704059302,26.89894363202177,23.29516852029651,9647.404847770697,2.0328772238787187,1.2624221207682298,0.020657764200237242,0.5700000000000001,114.0,14.66196379294053,7.325281217012274,5.10385584574936,5.972486389885148,542.001369319,454.34336975199994,662.8875775222423,217.5236067670567,0.004092852585017681,0.0,12.0
103,46.574390298937274,26.889736776434127,23.287195149468637,10403.733980981782,1.5476780077380818,1.0242294994385341,0.03596991395630245,0.5750000000000001,115.0,14.454120234179713,7.3284276143557925,5.1325070828793775,5.956389255079226,813.257728056,480.947466805,823.0957228958263,278.65360641186044,0.0021324958652257924,0.0,12.0
104,46.531723262842334,26.865102951659193,23.265861631421167,10397.278875793943,1.7180799060478285,1.0830935971469278,0.030416307703819426,0.58,116.0,14.666980902577183,7.314100010708719,5.161006111809923,5.940889087909115,310.33918742,414.923597525,618.2190767241524,121.11038087513704,0.0027920410502702,0.0,12.0
105,46.54212020309711,26.87110562791404,23.271060101548557,9795.826655562581,2.0124575503860607,1.254503255203906,0.028059370294810204,0.585,117.0,14.364171055502863,7.3297762307768215,5.065423723031138,5.978333126938247,589.285648659,437.42784591699996,814.1968484196736,310.2564528681199,0.004144431557506323,1.0,13.0
106,46.64745553912402,26.931921012524356,23.32372776956201,9989.344656180212,1.849801130210177,1.1953221313982643,0.02734323377795433,0.59,118.0,14.518953451814872,7.34219809742179,5.156356665083143,5.992269736753592,537.24254582,628.5227159269999,883.7910516103857,200.65780852916973,0.002588828094303608,0.0,13.0
107,46.50386882754317,26.849021185941098,23.251934413771586,10174.096527688978,1.6060274656443525,1.0747523723404482,0.026997845774412218,0.595,119.0,14.602234489873153,7.342092572728356,5.108436902363188,5.947971119460685,442.12020396199995,578.682622781,930.8174284955603,213.83523799918342,0.002383391372859478,0.0,13.0
108,46.35374542450124,26.762347398783177,23.17687271225062,10412.40283140623,1.621938198934382,1.0369826051907478,0.02321507450838589,0.6,120.0,14.575734416654752,7.342481079266742,5.18619758618138,5.906472957199782,202.69191789799999,538.491511272,785.6961301708083,187.3803897523003,0.003285566112026572,0.0,13.0
109,46.48402019850988,26.83756157462568,23.24201009925494,9606.905800664477,1.8558892666315716,1.2174183666288092,0.020068014009687385,0.605,121.0,14.489072575878376,7.325466484875492,5.084058966961279,5.99334809206646,574.866909189,590.952205665,551.8451231653603,222.77095324896172,0.0025632379110902552,0.0,13.0
110,46.54293304626031,26.871574923133117,23.271466523130155,10130.145810022335,1.7490744087566508,1.1297202512321312,0.02809933319697389,0.61,122.0,14.64258421228123,7.345651669556539,5.167684351042174,5.886290288957743,315.335020936,446.407374956,1120.362639731318,247.10113074543858,0.0022435984574258327,0.0,13.0
111,46.337495280472396,26.752965373753753,23.168747640236198,10521.082022852155,1.7403497367424952,1.1416790318432133,0.030178766409247326,0.615,123.0,14.436932101661418,7.326936051478821,5.16493759757157,5.946081485148206,642.5750956219999,536.945131029,761.6787103750157,153.1274423462378,0.0024245574604719877,0.0,13.0
112,,,,,,,0.05555574257282725,0.62,124.0,,,,,,,,,0.00298651005141437,0.0,13.0
113,46.358951717061444,26.765353253194295,23.179475858530722,9783.489580677964,1.86934909042534,1.1882871592774782,0.04206130301857813,0.625,125.0,14.408578451828806,7.331550504949945,5.095437222163377,5.92653486772759,369.89622530300005,538.325770013,695.9946224690277,307.9201854197999,0.003169218543916941,0.0,13.0
114,46.345929194123805,26.757834696070717,23.172964597061902,10676.359431082223,1.9722576122972768,1.217894379491039,0.04416879932205076,0.63,126.0,14.517314858952407,7.329602159100889,5.069627394516216,5.941527278514087,267.208925889,519.860457744,686.9615774402884,156.79337970378114,0.0031414034310728307,0.0,13.0
115,46.38974152763855,26.78312975861928,23.194870763819274,11875.646648401726,1.5998436923060044,1.0697492873666616,0.0211990235520928,0.635,127.0,14.564363277009997,7.3208930189874595,5.06699661607521,5.910164894855659,425.105563958,585.852680156,1134.2983654548234,146.08209885430153,0.003441413166001439,0.0,13.0
116,46.44998496778626,26.817911325005472,23.22499248389313,11688.87885872432,1.6115811689946153,1.0606530374235068,0.025633002218119597,0.64,128.0,14.985898653734484,7.331305020110135,5.1345753216259595,5.975899642210036,240.851654139,553.297495067,1132.0881050759865,127.48876078958996,0.002547105774283409,0.0,13.0
117,46.31214557023828,26.738329711726205,23.15607278511914,10954.645492113417,1.6456485241035,1.0779147112959668,0.02713823755276845,0.645,129.0,14.495098224565405,7.342412985513919,5.17295316557688,5.943709646653735,444.028277219,386.02269560699995,719.8024467969408,149.6940647521427,0.003599962452426553,0.0,13.0
118,46.197422742372424,26.672094456175664,23.098711371186212,10745.848703786829,1.5650971927316086,0.9896890029236456,0.04622228704560949,0.65,130.0,14.420299469415564,7.331767494751335,5.1448269112013465,5.955261051582737,258.174345113,474.529588418,751.1457372540551,174.24645397138912,0.0018196104792878032,0.0,13.0
119,46.44237624197275,26.813518425108853,23.221188120986376,11061.022235494127,1.8409632907999178,1.1651605856590261,0.019606687606395168,0.655,131.0,14.553033059660327,7.32556394895563,5.164279880452943,5.955400384440097,533.075989272,454.740557903,825.0311198045845,211.33421356521526,0.0027499995194375515,0.0,13.0
120,46.42598710211943,26.804056150802744,23.212993551059714,11156.349772062102,1.7569182686379317,1.0873272311033895,0.02127426735916149,0.66,132.0,14.67359647596419,7.3204061925302994,4.995734106983878,5.969759060613007,624.2244570419999,667.401207256,774.2679295924512,516.0209138206226,0.0029240448493510485,0.0,13.0
121,46.16305248161099,26.65225077687293,23.081526240805495,11526.230711818354,1.6866938652430539,1.060072426330805,0.034520722739247,0.665,133.0,14.759230692099116,7.328165891562273,5.150516557085362,5.9365331899956395,488.726914304,461.35199353400003,856.5156783981982,267.664340076607,0.002936761127784848,1.0,14.0
122,46.26558196514341,26.711446201790245,23.132790982571706,9905.994862046166,2.1945329257645367,1.3926177324285554,0.04238611556686212,0.67,134.0,14.753012654482523,7.331254454181245,4.923449300155957,5.905235787327143,182.278018775,521.740825853,1205.7339450933855,832.0610048887055,0.0029678342398256068,0.0,14.0
123,46.38165612171904,26.778461647335142,23.19082806085952,12117.784440664007,1.7404402139182826,1.1354219093088938,0.02256092729929093,0.675,135.0,14.610299162335513,7.316809594608012,5.199640382323651,5.9152066912707255,510.81108398,568.023719226,1193.2544329445332,150.2736394736879,0.0016114709433168173,0.0,14.0
124,46.241412890307366,26.697492179927586,23.120706445153683,12970.166824668584,1.6083919619352458,1.0264279235809892,0.03509913494648642,0.68,136.0,14.657864083038916,7.338587241258037,5.074596797185043,5.965803161265932,277.479564658,480.657702335,783.2438338272148,84.21670211206214,0.0016988908173516393,0.0,14.0
125,46.25811146479595,26.707133106403656,23.129055732397976,12536.830899596727,1.631109420921898,1.0766075121701049,0.02973678811357228,0.685,137.0,14.71740247081727,7.32814461333351,5.075079899345577,5.955486329366701,359.513654265,598.075282293,1281.5232768126762,99.18546683539348,0.002786874771118164,0.0,14.0
126,46.17537840358669,26.65936715124361,23.087689201793346,13332.669430412729,1.5682599645542508,0.9666719441148311,0.034990355591043236,0.6900000000000001,138.0,14.592568324896957,7.33197981715452,5.095201651069035,5.92902604930391,592.427935876,617.932176662,1641.7999218705525,122.10791708901472,0.0021205751691013575,0.0,14.0
127,46.120460210987495,26.62766011796306,23.060230105493748,13306.539776860454,1.6379672745697162,1.0621902539644472,0.0328112634287101,0.6950000000000001,139.0,14.529093889479991,7.347888052126408,4.959698033195903,5.993649121268019,555.302476076,443.30533758900003,1775.5089742778982,550.440882570299,0.003275633091107011,0.0,14.0
128,46.264695992152774,26.710934685045604,23.132347996076387,12795.252231073548,1.5510605710070775,0.958828663802297,0.0216239402547328,0.7000000000000001,140.0,14.563949532541953,7.306473310455867,5.176657322208584,5.919774353803541,962.2506639630001,560.762651177,859.4480902156076,38.40673926932145,0.0010331470984965565,0.0,14.0
129,46.29735758471295,26.72979186430238,23.148678792356474,12070.817146704301,1.6246531130269466,1.0055577873836592,0.024032607956540608,0.705,141.0,14.504130502600042,7.3400418499901345,5.000625407997081,5.927094609437225,573.863087666,524.397001036,997.5513816326963,735.0475055601094,0.002538441680371761,0.0,14.0
130,46.22984290805758,26.690812247561155,23.11492145402879,12723.8108062702,1.6375483935611068,1.0040555512176574,0.04332419040083835,0.71,142.0,14.543212559834137,7.341349335920656,4.995988894521536,5.953504893806381,486.46236244199997,475.943616979,816.0713618430855,288.69298786854563,0.0018436112441122528,0.0,14.0
131,46.17751920655535,26.660603144413855,23.088759603277676,13312.314530240878,1.73608867562141,1.063293783294273,0.04759078261502947,0.715,143.0,14.973377131159605,7.326602342890485,5.157396527743842,5.941096135910611,672.895850702,587.816564348,852.82084273025,121.81057603009391,0.00373299908824265,0.0,14.0
132,46.33346865445289,26.750640600137462,23.166734327226447,12415.485526369834,1.6159298239481892,1.0392229478132409,0.023985765219119548,0.72,144.0,14.660586650220509,7.3334443925323995,5.110136263363107,5.9474169155356265,387.24963660199995,501.535375294,973.4007659919107,585.3558468902378,0.0030815606005489826,0.0,14.0
133,46.23423225906413,26.693346440546357,23.117116129532064,13279.329041776666,1.5574520655971513,0.9679942708262593,0.02065301349129478,0.725,145.0,14.482967589519985,7.324680344183633,5.0549898525701735,5.969420841923306,660.510358381,492.271991081,1443.333675977605,282.07874585658436,0.0024727981071919203,0.0,14.0
134,46.35265026965433,26.76171511083751,23.176325134827167,14322.201757521058,1.562230950106601,1.029230147521266,0.031414408503214974,0.73,146.0,14.353193039671252,7.343647701051622,5.068637506337871,5.966513562108337,693.031409494,432.094839626,1112.4470792770765,250.6532540637118,0.00372004578821361,1.0,15.0
135,46.052591692790436,26.588476210712486,23.026295846395218,12634.186455787567,1.5809319064774388,0.9951571852266368,0.0388784572438482,0.735,147.0,14.549330788517864,7.347958416798084,5.162848274852978,5.987266285096375,752.53062427,767.0516767060001,1067.2640790253163,126.730024178396,0.0034235322382301088,0.0,15.0
136,46.24441610134114,26.69922608462637,23.12220805067057,13717.18868398822,1.60246891073167,1.0094805011644978,0.03436800693753095,0.74,148.0,14.638378605030278,7.340848208094487,5.182664947576455,5.906520614881312,686.817626935,710.763811656,1297.6769699445324,310.59026597394825,0.0013996755005791786,0.0,15.0
137,46.17878089030129,26.661331577864193,23.089390445150645,14658.405533254101,1.5643025206049395,0.9698046901265751,0.04551077072230447,0.745,149.0,14.388020151709666,7.359605864981762,5.131236055823837,5.93319700285194,407.47728145900004,592.52214745,747.3956948024678,206.44706486995742,0.002539157634600997,0.0,15.0
138,46.129429993809815,26.632838824490097,23.064714996904907,16047.531599108603,1.2743105333048041,0.8048661140866057,0.03804615014722968,0.75,150.0,14.211021465262023,7.316769933122582,5.16850124147007,5.945238543671745,855.789192492,794.782829765,768.6301061136156,237.71755679918445,0.0027307667769491677,0.0,15.0
139,46.19688797077087,26.671785705647547,23.098443985385433,14810.179186969232,1.5399518392297997,0.9549340699948261,0.04313773340585947,0.755,151.0,14.334806647624376,7.324528672103204,5.152386149288461,5.943680092620807,808.314269115,551.489064767,836.212296767479,159.0470361719639,0.0020218696445226674,0.0,15.0
140,46.13991074064908,26.638889886499047,23.06995537032454,16716.176537004954,1.4699338141474771,0.9072337072201407,0.03417197319323728,0.76,152.0,14.494776451315296,7.3395544076806924,5.187592632101233,6.016237868608554,518.893312897,576.115620775,998.2353948721296,293.2575153764768,0.002585967304185033,0.0,15.0
141,46.08182282888021,26.605352815002636,23.040911414440107,15489.101495479963,1.658679877984812,1.0143783860405076,0.03430970699857827,0.765,153.0,14.491725822682712,7.329047963539094,5.108254199938489,5.939261651008424,605.59987887,715.4539112639999,1064.4262616084936,640.47155558939,0.002991199493408203,0.0,15.0
142,46.12354046112547,26.629438501209385,23.061770230562736,15647.761485279018,1.639607827080017,1.0306715100300556,0.040231594273428484,0.77,154.0,14.423046956243379,7.339077009303668,5.0773677243125865,5.950502139154697,286.602780271,680.891964928,905.9499493390393,606.0657087340003,0.004924535751342773,0.0,15.0
143,46.174691974593614,26.658970841279675,23.087345987296807,15184.115482205794,1.5903964957735393,0.9901882683003529,0.02334748945383336,0.775,155.0,14.53057878049117,7.338499479679401,5.101333765433275,5.953578596492186,481.31108289599996,524.7513885469999,1072.9211018195706,205.41957667291356,0.002601384650915861,0.0,15.0
144,46.1752533581468,26.659294956225224,23.0876266790734,14397.095207107617,1.4656971862582038,0.9011264139391244,0.03539816574269483,0.78,156.0,14.612301033255429,7.3509834918505925,5.154081238525482,5.9388830523867755,374.3329501,720.177380933,630.8183732105738,196.75207996346583,0.0020133655052632093,0.0,15.0
145,46.35741668416911,26.764467001540684,23.178708342084555,14383.62268106492,1.5214186040375777,0.955533023613099,0.020410489470354957,0.785,157.0,14.485603850240134,7.330301432647287,5.091936088315966,5.928788561975737,306.892750207,580.202186995,917.1449985223156,314.29997131906134,0.004581689368933439,0.0,15.0
146,46.20292565892811,26.675271566530412,23.101462829464054,13734.181274943056,1.497219379536343,0.9726641514762833,0.03910687307167626,0.79,158.0,14.428339855417494,7.327172352314671,5.150923386337106,5.962323017964339,465.691737134,524.235530396,822.201367928984,117.7979773166577,0.0035285956691950564,0.0,15.0
147,46.334352618297075,26.75115095690086,23.167176309148537,13062.102849712479,1.6233026201655225,1.0414988900865927,0.01517505408135533,0.795,159.0,14.483091188082899,7.329492568994274,5.1957926768462865,5.962609438550158,498.21438448699996,488.864175807,540.2741898210778,42.9884339872062,0.003698905929923058,1.0,16.0
148,46.27720039251675,26.718154103961798,23.138600196258373,12210.263896147391,1.7671333766607025,1.1259069130365333,0.01963775328684469,0.8,160.0,14.636774208170003,7.3327808401627115,5.118736063566374,5.934604943318964,461.25775829599996,499.99924538,1105.1807855422958,270.583157781257,0.0031807429622858767,0.0,16.0
149,46.33162168700062,26.749574252981713,23.16581084350031,13015.789136322932,1.5513298457169094,0.995694507462506,0.04011022442998448,0.805,161.0,14.77096643760724,7.326865681662797,5.127092660873252,5.979947576051087,1048.17310651,569.579884865,1129.9656289652378,87.1213668596867,0.004123765975236893,0.0,16.0
150,46.43215641801397,26.807618006995174,23.216078209006984,12940.72970603186,1.8390824390524323,1.1324511495476706,0.02008975464793694,0.81,162.0,14.612623251042836,7.3275156987050565,4.937487280454121,5.993737447451978,440.058558585,592.350169687,807.364918878205,949.1767855730857,0.002904493827372789,0.0,16.0
151,46.332394982896936,26.750020715575612,23.166197491448468,12374.016875421708,1.5286041311895442,0.9848208239962835,0.01826311290942062,0.8150000000000001,163.0,14.452019671009415,7.308995020684679,5.11669187649463,5.946419534859289,616.7020773830001,570.484050237,672.2617016347801,129.89139182568672,0.001779317855834961,0.0,16.0
152,46.37847126156618,26.776622867468557,23.18923563078309,11142.012199333527,1.689256643371682,1.0895068822352432,0.02481654860261362,0.8200000000000001,164.0,14.522969790207087,7.329460797318644,5.077041373169581,5.9368705010241065,674.517863941,461.04011857,700.9559098131696,892.0487728067067,0.002583344466984272,0.0,16.0
153,46.34667603882101,26.75826588705769,23.173338019410505,10409.041063436583,1.89559422573508,1.2092042114242436,0.02502768418960521,0.8250000000000001,165.0,14.579441685763493,7.320240245551371,5.155906714914993,5.959116182495622,577.767096072,501.81066793199994,1029.621823240766,240.2458199480767,0.0037240185774862775,0.0,16.0
154,46.35000867750112,26.760189986896762,23.17500433875056,12080.771672430768,1.6764374304629566,1.0498030780753846,0.017226591475577147,0.8300000000000001,166.0,14.565303339297378,7.360593455112845,5.150833625424929,5.93565265533612,462.82635447900003,598.90253243,693.704941306948,87.46816967840269,0.002422094577923417,0.0,16.0
155,46.28893702839128,26.724930253843343,23.14446851419564,13180.5646487382,1.7620612626387244,1.1111900167563693,0.02050541897086944,0.835,167.0,14.451281806007323,7.325623173267835,5.064026554670656,5.969421141071723,299.040889333,593.320787774,679.8611464867581,110.14242107381429,0.0024511015508323912,0.0,16.0
156,46.303079004328005,26.733095127457283,23.151539502164002,13028.040526364905,1.5556706936991456,0.9775453926816149,0.029105854666889638,0.84,168.0,14.696037990874864,7.327396661444345,5.154529097601243,5.935690096930551,253.521537534,638.386894535,1017.8097129795736,592.4502829550419,0.0028336844407022,0.0,16.0
157,46.33576980926563,26.75196917248805,23.167884904632814,12090.702823790023,1.8173208359842141,1.1578343627451981,0.019032245377218596,0.845,169.0,14.486257605237604,7.325451662620662,5.042395318500148,5.9528655038151115,261.796999485,561.716971801,932.686562776256,116.20955696714566,0.003277062671259045,0.0,16.0
158,46.25826206127429,26.707220053320963,23.129131030637144,11223.54578212232,1.8994110061420435,1.2433523653708742,0.016888374431243802,0.85,170.0,14.532692893714902,7.341004904872943,5.153298094331733,5.959427069453388,422.680809558,721.953378207,895.0526800725653,509.5140330002138,0.005156437866389752,0.0,16.0
159,46.3195786511099,26.742621202968344,23.15978932555495,13503.75848301539,1.5288476731552396,0.9322926606684855,0.016381330969912122,0.855,171.0,14.376589042510734,7.324182346965486,4.961528811401266,5.947119022708793,397.359949326,573.622845566,593.4368921782861,649.0227849162585,0.0030492155347019434,0.0,16.0
160,46.48947061926413,26.840708376515344,23.244735309632066,12256.283223677161,1.770435514742634,1.1205817006303853,0.015837019539890695,0.86,172.0,14.532202142840307,7.332424301802576,5.101600930896811,5.980150401843679,667.897973416,512.398874852,871.0250281901732,178.38812020540212,0.003394285682588816,0.0,16.0
161,46.435629563685474,26.809623228583554,23.217814781842737,12279.211180305232,1.4209689007439992,0.9179686875801225,0.019384954849976262,0.865,173.0,14.487655304360691,7.34465449096438,5.175762322087953,5.9206458230004335,438.274079847,399.496392901,1374.8730843884546,333.43768959380265,0.003972213249653578,0.0,16.0
162,46.452175830109034,26.81917621995728,23.226087915054517,10647.997155964546,2.1002217283327216,1.3280930973184395,0.026008006393058558,0.87,174.0,14.597588163025113,7.327506351013096,5.106900938543407,5.923535983482986,884.180455719,652.1416195859999,1014.0132572160962,126.6964943569812,0.0019845962524414067,1.0,17.0
163,46.44779156907967,26.81664496567178,23.223895784539835,10291.289309214619,2.0476890878142417,1.2969157658852144,0.016379522255219436,0.875,175.0,14.546299425105612,7.313470186010616,5.1410951725545635,5.934015027288202,563.918578454,555.776755305,774.9539148169607,100.5967055465815,0.002494970802217722,0.0,17.0
164,46.308777000944986,26.736384867337936,23.154388500472493,12755.595731781743,1.499642927412128,0.9720840149037627,0.021340302979681702,0.88,176.0,14.457369418379416,7.325804691147672,5.140790542965802,5.918384275263886,666.5434269909999,560.505997001,918.4166587901198,184.40353492249568,0.0027662916108965874,0.0,17.0
165,46.29286036078898,26.727195390859272,23.14643018039449,12591.478655665895,1.702983573682438,1.0993226021620874,0.04447593052881449,0.885,177.0,14.55159164597106,7.3308145669068585,5.1580053132457975,5.950715297533771,557.3745399730001,650.853221256,1339.336812564028,477.6499194908316,0.002783219097182155,0.0,17.0
166,46.352183010020624,26.761445338362204,23.176091505010312,11878.239215635498,1.7978139900295447,1.1038758342621717,0.01725550859133962,0.89,178.0,14.39681012702698,7.332359374197937,5.1636492549840955,5.947780482189166,750.5550158130001,627.713327763,951.3618048415403,224.58153304595334,0.00410890718922019,0.0,17.0
167,46.37802609985513,26.77636585323485,23.189013049927564,10593.841948823878,1.6836667802889058,1.0827427838097858,0.018388977548518315,0.895,179.0,14.103800051638288,7.329567430750929,5.076409605196691,5.9389555617698395,922.852347862,616.1892757319999,640.0123567189186,124.5261760814045,0.0030736925546079874,0.0,17.0
168,46.36865420962419,26.770954989887205,23.184327104812095,13031.07164708724,1.4304937677987284,0.9344332787917378,0.023547460019546884,0.9,180.0,14.64679267986203,7.329578926455995,5.128049002566231,5.934377587080771,240.86953554299998,510.86184812,882.3153018186536,68.06168492337552,0.0032383594661951065,0.0,17.0
169,46.41163386004919,26.795769302629747,23.205816930024596,12642.227160640432,1.6769030191261698,1.0281708301718968,0.02349451112135548,0.905,181.0,14.407054854541746,7.324693719696524,5.149750303513738,5.954757354703529,737.2331247389999,531.070714438,997.3806224930053,282.7814605544025,0.003335237735882401,0.0,17.0
170,46.67970472223138,26.950540087072532,23.33985236111569,10248.219141283047,1.7595327747945362,1.101450294390913,0.020972642891967763,0.91,182.0,14.659171205073951,7.304587171946473,4.9871413926713695,5.96092269991728,598.3168364969999,405.28429857199995,1082.955221183981,726.1385995025786,0.001516659976914525,0.0,17.0
171,46.695990233819856,26.959942531572025,23.347995116909928,10311.129212073003,1.8237762055669453,1.2725303668435026,0.020092032021870158,0.915,183.0,14.485249085033516,7.344225887523178,5.125350829936311,5.989973343561103,877.4399696239999,570.17348151,1068.5922552551078,214.7940249310325,0.001919348957017064,0.0,17.0
